feature,mean_abs_shap
us_aqi_mean_lag_3d,23.847006
us_aqi_mean,15.822807
dust_mean,3.9163952
day_of_year,3.6940265
surface_pressure_mean,3.5990925
us_aqi_mean_rollmean_7d,2.2889848
us_aqi_max,1.6486548
us_aqi_mean_rollstd_7d,1.4603659
ozone_mean,0.99401486
temperature_2m_mean,0.8840787
us_aqi_mean_lag_7d,0.86474794
us_aqi_mean_lag_2d,0.7070346
doy_sin,0.66265744
nitrogen_dioxide_mean,0.5688322
dew_point_2m_mean,0.5434806
day_of_week,0.5119476
carbon_monoxide_mean,0.41323423
pm2_5_mean,0.4050146
wind_gusts_10m_max,0.39496514
wind_speed_10m_max,0.3674178
us_aqi_mean_rollstd_3d,0.36263075
temperature_2m_min,0.3454274
us_aqi_mean_rollmean_3d,0.32528344
temperature_2m_max,0.31230673
cloud_cover_mean,0.25922766
pm10_mean,0.24575074
us_aqi_mean_lag_1d,0.22708237
precipitation_sum,0.22353557
relative_humidity_2m_mean,0.20120648
sulphur_dioxide_mean,0.19498385
apparent_temperature_mean,0.18292275
us_aqi_min,0.18147193
aqi_change_rate,0.17125222
wind_speed_10m_mean,0.12653989
is_weekend,6.397712e-05
doy_cos,0.0
month_cos,0.0
month,0.0
month_sin,0.0
